1299,65764805,57554,2019-03-20 12:58:43,2019-03-20 12:59:09,Poza stacją…,Dworzec Głółwny 
1300,65764831,57923,2019-03-20 12:59:13,2019-03-20 12:59:33,Poza stacją…,Poza stacją…
1301,65764614,57534,2019-03-20 12:55:16,2019-03-20 13:02:24,Poza stacją…,Poza stacją…
1302,65764746,57078,2019-03-20 12:57:25,2019-03-20 13:02:28,Poza stacją…,Poza stacją…
1303,65765129,57078,2019-03-20 13:04:02,2019-03-20 13:19:01,Poza stacją…,Poza stacją…
1304,65765553,57803,2019-03-20 13:11:21,2019-03-20 13:19:04,Poza stacją…,Poza stacją…
1305,65765649,57534,2019-03-20 13:13:18,2019-03-20 13:19:05,Poza stacją…,Poza stacją…
1306,65765529,57554,2019-03-20 13:10:43,2019-03-20 13:19:07,Dworzec Głółwny ,Poza stacją…
1307,65765555,57923,2019-03-20 13:11:28,2019-03-20 13:19:13,Poza stacją…,Poza stacją…
1308,65766130,57803,2019-03-20 13:21:17,2019-03-20 13:23:11,"Dworzec Głółwny, południe",Poza stacją…
1309,65766418,57078,2019-03-20 13:25:49,2019-03-20 13:27:15,"Dworzec Głółwny, południe",Poza stacją…
1310,65766593,57923,2019-03-20 13:28:44,2019-03-20 13:30:18,"Dworzec Głółwny, południe",Poza stacją…
1311,65766381,57554,2019-03-20 13:25:27,2019-03-20 13:31:04,"Dworzec Głółwny, południe",Poza stacją…
1312,65767527,57554,2019-03-20 13:44:45,2019-03-20 13:56:44,Poza stacją…,Ĺšwidnicka / Piłsudskiego (Hotel Scandic)
1313,65766773,57078,2019-03-20 13:32:03,2019-03-20 13:57:08,"Dworzec Głółwny, południe",Plac Kościuszki (Renoma)
1314,65767460,57803,2019-03-20 13:43:41,2019-03-20 13:57:12,"Dworzec Głółwny, południe",Ĺšwidnicka / Piłsudskiego (Hotel Scandic)
1315,65767743,57534,2019-03-20 13:48:05,2019-03-20 13:57:12,"Dworzec Głółwny, południe",Ĺšwidnicka / Piłsudskiego (Hotel Scandic)
1316,65777386,57578,2019-03-20 16:03:02,2019-03-20 16:05:43,Pereca / GrabiszyĹ„ska,Pereca / GrabiszyĹ„ska
1317,65778746,57578,2019-03-20 16:17:14,2019-03-20 16:17:32,Pereca / GrabiszyĹ„ska,Pereca / GrabiszyĹ„ska
1318,65795845,57850,2019-03-20 19:39:04,2019-03-20 19:41:24,Wałbrzyska - pą™tla tramwajowa,Wałbrzyska - pą™tla tramwajowa
1319,65797942,57867,2019-03-20 20:22:28,2019-03-20 20:28:02,Wałbrzyska - pą™tla tramwajowa,Wałbrzyska - pą™tla tramwajowa
1320,65799518,57370,2019-03-20 21:04:03,2019-03-20 21:08:10,GrabiszyĹ„ska / Aleja Hallera,GrabiszyĹ„ska / Aleja Hallera
1321,65801913,57867,2019-03-20 22:24:01,2019-03-20 22:42:12,Wałbrzyska - pą™tla tramwajowa,Wałbrzyska - pą™tla tramwajowa
1322,65711055,57997,2019-03-19 12:15:01,2019-03-21 11:32:02,Poza stacją…,Poza stacją…
1323,65823435,57585,2019-03-21 12:17:54,2019-03-21 12:19:20,Strzegomska / EstoĹ„ska,Strzegomska / EstoĹ„ska
1324,65823506,57342,2019-03-21 12:19:09,2019-03-21 12:26:32,Strzegomska / EstoĹ„ska,Strzegomska / EstoĹ„ska
1325,65824110,57585,2019-03-21 12:29:43,2019-03-21 12:31:08,Strzegomska / EstoĹ„ska,Strzegomska / EstoĹ„ska
1326,65824415,57585,2019-03-21 12:34:36,2019-03-21 12:35:43,Strzegomska / EstoĹ„ska,Strzegomska / EstoĹ„ska
1327,65825774,57554,2019-03-21 12:57:24,2019-03-21 12:58:01,Ĺšwidnicka / Piłsudskiego (Hotel Scandic),Ĺšwidnicka / Piłsudskiego (Hotel Scandic)
1328,65825841,57803,2019-03-21 12:58:26,2019-03-21 12:58:33,Ĺšwidnicka / Piłsudskiego (Hotel Scandic),Ĺšwidnicka / Piłsudskiego (Hotel Scandic)
1329,65767262,57923,2019-03-20 13:40:15,2019-03-21 13:05:14,Poza stacją…,Ĺšwidnicka / Piłsudskiego (Hotel Scandic)
1330,65826863,57554,2019-03-21 13:14:35,2019-03-21 13:14:55,Ĺšwidnicka / Piłsudskiego (Hotel Scandic),Ĺšwidnicka / Piłsudskiego (Hotel Scandic)
1331,65827121,57803,2019-03-21 13:18:36,2019-03-21 13:19:45,Ĺšwidnicka / Piłsudskiego (Hotel Scandic),Ĺšwidnicka / Piłsudskiego (Hotel Scandic)
1332,65827301,57534,2019-03-21 13:21:50,2019-03-21 13:23:36,Ĺšwidnicka / Piłsudskiego (Hotel Scandic),Poza stacją…
1333,65827372,57803,2019-03-21 13:23:00,2019-03-21 13:24:23,Ĺšwidnicka / Piłsudskiego (Hotel Scandic),Poza stacją…
1334,65827428,57096,2019-03-21 13:23:56,2019-03-21 13:25:13,Ĺšwidnicka / Piłsudskiego (Hotel Scandic),Ĺšwidnicka / Piłsudskiego (Hotel Scandic)
1335,65827703,57803,2019-03-21 13:27:43,2019-03-21 13:28:51,Poza stacją…,Ĺšwidnicka / Piłsudskiego (Hotel Scandic)
1336,65828156,57803,2019-03-21 13:35:07,2019-03-21 13:35:17,Ĺšwidnicka / Piłsudskiego (Hotel Scandic),Ĺšwidnicka / Piłsudskiego (Hotel Scandic)
1337,65828305,57803,2019-03-21 13:37:27,2019-03-21 13:37:42,Ĺšwidnicka / Piłsudskiego (Hotel Scandic),Ĺšwidnicka / Piłsudskiego (Hotel Scandic)
1338,65828385,57803,2019-03-21 13:38:59,2019-03-21 13:39:21,Ĺšwidnicka / Piłsudskiego (Hotel Scandic),Ĺšwidnicka / Piłsudskiego (Hotel Scandic)
1339,65828439,57096,2019-03-21 13:39:49,2019-03-21 13:39:59,Ĺšwidnicka / Piłsudskiego (Hotel Scandic),Ĺšwidnicka / Piłsudskiego (Hotel Scandic)
1340,65828444,57803,2019-03-21 13:39:56,2019-03-21 13:40:19,Ĺšwidnicka / Piłsudskiego (Hotel Scandic),Poza stacją…
1341,65828473,57096,2019-03-21 13:40:34,2019-03-21 13:40:41,Ĺšwidnicka / Piłsudskiego (Hotel Scandic),Ĺšwidnicka / Piłsudskiego (Hotel Scandic)
1342,65828487,57096,2019-03-21 13:40:49,2019-03-21 13:40:56,Ĺšwidnicka / Piłsudskiego (Hotel Scandic),Ĺšwidnicka / Piłsudskiego (Hotel Scandic)
1343,65828507,57096,2019-03-21 13:41:05,2019-03-21 13:41:15,Ĺšwidnicka / Piłsudskiego (Hotel Scandic),Ĺšwidnicka / Piłsudskiego (Hotel Scandic)
1344,65828541,57096,2019-03-21 13:41:34,2019-03-21 13:41:41,Ĺšwidnicka / Piłsudskiego (Hotel Scandic),Ĺšwidnicka / Piłsudskiego (Hotel Scandic)
1345,65828602,57803,2019-03-21 13:42:24,2019-03-21 13:51:17,Poza stacją…,Dworzec Głółwny 
1346,65828954,57078,2019-03-21 13:47:13,2019-03-21 13:51:17,Ĺšwidnicka / Piłsudskiego (Hotel Scandic),Poza stacją…
1347,65828949,57924,2019-03-21 13:47:07,2019-03-21 13:51:51,Ĺšwidnicka / Piłsudskiego (Hotel Scandic),Dworzec Głółwny 
1348,65829029,57948,2019-03-21 13:48:13,2019-03-21 13:51:53,Ĺšwidnicka / Piłsudskiego (Hotel Scandic),Dworzec Głółwny 
1349,65828971,57554,2019-03-21 13:47:27,2019-03-21 13:51:55,Ĺšwidnicka / Piłsudskiego (Hotel Scandic),Dworzec Głółwny 
1350,65829539,57078,2019-03-21 13:54:53,2019-03-21 13:55:06,Poza stacją…,Poza stacją…
1351,65829697,57078,2019-03-21 13:57:27,2019-03-21 13:57:38,Poza stacją…,Dworzec Głółwny 
1352,65829814,57803,2019-03-21 13:59:14,2019-03-21 14:00:44,Dworzec Głółwny ,Poza stacją…
1353,65829876,57948,2019-03-21 14:00:10,2019-03-21 14:01:41,Dworzec Głółwny ,Poza stacją…
1354,65829925,57924,2019-03-21 14:00:47,2019-03-21 14:01:56,Dworzec Głółwny ,Dworzec Głółwny 
1355,65830078,57803,2019-03-21 14:02:48,2019-03-21 14:04:39,Poza stacją…,Dworzec Głółwny 
1356,65830160,57924,2019-03-21 14:03:56,2019-03-21 14:04:40,Dworzec Głółwny ,Dworzec Głółwny 
1357,65830247,57803,2019-03-21 14:05:02,2019-03-21 14:06:18,Dworzec Głółwny ,Dworzec Głółwny 
1358,65829819,57078,2019-03-21 13:59:19,2019-03-21 14:06:31,Dworzec Głółwny ,Dworzec Głółwny 
1359,65830343,57924,2019-03-21 14:06:10,2019-03-21 14:07:23,Dworzec Głółwny ,Dworzec Głółwny 
1360,65830348,57948,2019-03-21 14:06:13,2019-03-21 14:07:42,Poza stacją…,Dworzec Głółwny 
1361,65830642,57948,2019-03-21 14:09:47,2019-03-21 14:10:23,Dworzec Głółwny ,Dworzec Głółwny 
1362,65829858,57554,2019-03-21 14:00:00,2019-03-21 14:21:28,Dworzec Głółwny ,Dworzec Głółwny 
1363,65831504,57926,2019-03-21 14:22:32,2019-03-21 14:23:39,Dworzec Głółwny ,Dworzec Głółwny 
1364,65831547,57810,2019-03-21 14:23:10,2019-03-21 14:24:44,Dworzec Głółwny ,Dworzec Głółwny 
1365,65831581,57632,2019-03-21 14:23:38,2019-03-21 14:26:19,Dworzec Głółwny ,Dworzec Głółwny 
1366,65831703,57918,2019-03-21 14:25:21,2019-03-21 14:26:22,Dworzec Głółwny ,Dworzec Głółwny 
1367,65831822,57926,2019-03-21 14:27:06,2019-03-21 14:27:16,Dworzec Głółwny ,Dworzec Głółwny 
1368,65831841,57632,2019-03-21 14:27:23,2019-03-21 14:27:33,Dworzec Głółwny ,Dworzec Głółwny 
1369,65831809,57810,2019-03-21 14:26:47,2019-03-21 14:27:49,Dworzec Głółwny ,Dworzec Głółwny 
1370,65831529,57913,2019-03-21 14:22:54,2019-03-21 14:29:39,Dworzec Głółwny ,Dworzec Głółwny 
1371,65831839,57918,2019-03-21 14:27:22,2019-03-21 14:29:58,Dworzec Głółwny ,Dworzec Głółwny 
1372,65831449,57642,2019-03-21 14:21:40,2019-03-21 14:31:19,Dworzec Głółwny ,Dworzec Głółwny 
1373,65832249,57913,2019-03-21 14:33:11,2019-03-21 14:33:27,Dworzec Głółwny ,Dworzec Głółwny 
1374,65832259,57642,2019-03-21 14:33:19,2019-03-21 14:33:30,Dworzec Głółwny ,Dworzec Głółwny 
1375,65831912,57632,2019-03-21 14:28:20,2019-03-21 14:41:20,Dworzec Głółwny ,Dworzec Głółwny 
1376,65832054,57990,2019-03-21 14:30:11,2019-03-21 14:47:48,Dworzec Głółwny ,Ĺšwidnicka / Piłsudskiego (Hotel Scandic)
1377,65832676,57642,2019-03-21 14:39:16,2019-03-21 14:47:51,Dworzec Głółwny ,Ĺšwidnicka / Piłsudskiego (Hotel Scandic)
1378,65832694,57554,2019-03-21 14:39:28,2019-03-21 14:47:54,Dworzec Głółwny ,Ĺšwidnicka / Piłsudskiego (Hotel Scandic)
1379,65832709,57803,2019-03-21 14:39:40,2019-03-21 14:47:57,Dworzec Głółwny ,Ĺšwidnicka / Piłsudskiego (Hotel Scandic)
1380,65828951,57096,2019-03-21 13:47:07,2019-03-21 14:48:00,Ĺšwidnicka / Piłsudskiego (Hotel Scandic),Ĺšwidnicka / Piłsudskiego (Hotel Scandic)
1381,65832778,57078,2019-03-21 14:40:38,2019-03-21 14:48:18,Dworzec Głółwny ,Ĺšwidnicka / Piłsudskiego (Hotel Scandic)
1382,65884105,57534,2019-03-22 10:16:54,2019-03-22 10:18:44,Poza stacją…,PowstaĹ„cółw Ĺšlą…skich (Arkady Wrocławskie)
1383,65884146,57642,2019-03-22 10:17:47,2019-03-22 10:21:04,Ĺšwidnicka / Piłsudskiego (Hotel Scandic),PowstaĹ„cółw Ĺšlą…skich (Arkady Wrocławskie)
1384,65884234,57534,2019-03-22 10:19:59,2019-03-22 10:21:25,Poza stacją…,Poza stacją…
1385,65884471,57534,2019-03-22 10:26:35,2019-03-22 10:28:09,Poza stacją…,Poza stacją…
1386,65884629,57642,2019-03-22 10:30:26,2019-03-22 10:31:34,Poza stacją…,PowstaĹ„cółw Ĺšlą…skich (Arkady Wrocławskie)
1387,65884783,57534,2019-03-22 10:34:17,2019-03-22 10:37:06,Poza stacją…,Poza stacją…
1388,65884778,57642,2019-03-22 10:34:10,2019-03-22 10:37:09,PowstaĹ„cółw Ĺšlą…skich (Arkady Wrocławskie),PowstaĹ„cółw Ĺšlą…skich (Arkady Wrocławskie)
1389,65884995,57170,2019-03-22 10:39:02,2019-03-22 10:39:14,PowstaĹ„cółw Ĺšlą…skich (Arkady Wrocławskie),Poza stacją…
1390,65885008,57339,2019-03-22 10:39:27,2019-03-22 10:43:57,PowstaĹ„cółw Ĺšlą…skich (Arkady Wrocławskie),Dworzec Głółwny 
1391,65885025,57642,2019-03-22 10:39:41,2019-03-22 10:44:00,PowstaĹ„cółw Ĺšlą…skich (Arkady Wrocławskie),Dworzec Głółwny 
1392,65885367,58044,2019-03-22 10:48:17,2019-03-22 10:56:26,Dworzec Głółwny ,Dworzec Głółwny 
1393,65885658,57642,2019-03-22 10:54:59,2019-03-22 11:08:39,Dworzec Głółwny ,Dworzec Głółwny 
1394,65886803,57339,2019-03-22 11:20:24,2019-03-22 11:23:33,Dworzec Głółwny ,Poza stacją…
1395,65886350,57642,2019-03-22 11:10:42,2019-03-22 11:23:58,Dworzec Głółwny ,Poza stacją…
1396,65887023,57810,2019-03-22 11:24:44,2019-03-22 11:27:17,Dworzec Głółwny ,Poza stacją…
1397,65887115,57339,2019-03-22 11:26:55,2019-03-22 11:27:48,Poza stacją…,Dworzec Głółwny 
1398,65887127,57642,2019-03-22 11:27:19,2019-03-22 11:28:34,Poza stacją…,Dworzec Głółwny 
1399,65887179,57810,2019-03-22 11:28:22,2019-03-22 11:28:52,Poza stacją…,Poza stacją…
1400,65887081,57917,2019-03-22 11:26:13,2019-03-22 11:29:14,Dworzec Głółwny ,Dworzec Głółwny 
1401,65887300,57339,2019-03-22 11:30:54,2019-03-22 11:33:08,Dworzec Głółwny ,Dworzec Głółwny 
1402,65887408,57642,2019-03-22 11:33:19,2019-03-22 11:34:41,Dworzec Głółwny ,Dworzec Głółwny 
1403,65887462,57339,2019-03-22 11:34:13,2019-03-22 11:34:50,Dworzec Głółwny ,Dworzec Głółwny 
1404,65887526,57642,2019-03-22 11:35:28,2019-03-22 11:36:17,Dworzec Głółwny ,Dworzec Głółwny 
1405,65887615,57917,2019-03-22 11:36:44,2019-03-22 11:43:03,Dworzec Głółwny ,Dworzec Głółwny 
1406,65888018,57917,2019-03-22 11:44:06,2019-03-22 11:54:29,Dworzec Głółwny ,Dworzec Głółwny 
1407,65888256,57642,2019-03-22 11:48:56,2019-03-22 11:55:56,Dworzec Głółwny ,Dworzec Głółwny 
1408,65890233,57810,2019-03-22 12:23:46,2019-03-22 12:25:18,Poza stacją…,Dworzec Głółwny 
1409,65892224,57087,2019-03-22 12:55:57,2019-03-22 13:06:01,Ĺšwidnicka / Piłsudskiego (Hotel Scandic),Plac Uniwersytecki (UWr)
1410,65892255,57557,2019-03-22 12:56:22,2019-03-22 13:06:02,Ĺšwidnicka / Piłsudskiego (Hotel Scandic),Plac Uniwersytecki (UWr)
1411,65893149,57087,2019-03-22 13:09:57,2019-03-22 13:11:25,Plac Uniwersytecki (UWr),Plac Uniwersytecki (UWr)
1412,65893246,57557,2019-03-22 13:11:35,2019-03-22 13:11:42,Plac Uniwersytecki (UWr),Plac Uniwersytecki (UWr)
1413,65893389,57557,2019-03-22 13:13:48,2019-03-22 13:14:26,Plac Uniwersytecki (UWr),Plac Uniwersytecki (UWr)
1414,65893510,57557,2019-03-22 13:15:31,2019-03-22 13:15:53,Plac Uniwersytecki (UWr),Plac Uniwersytecki (UWr)
1415,65893619,57557,2019-03-22 13:17:08,2019-03-22 13:17:58,Plac Uniwersytecki (UWr),Poza stacją…
1416,65893759,57557,2019-03-22 13:19:23,2019-03-22 13:19:44,Poza stacją…,Poza stacją…
1417,65893840,57557,2019-03-22 13:20:28,2019-03-22 13:21:18,Poza stacją…,Poza stacją…
1418,65893993,57557,2019-03-22 13:22:39,2019-03-22 13:23:03,Poza stacją…,Plac Uniwersytecki (UWr)
1419,65893872,57170,2019-03-22 13:20:49,2019-03-22 13:28:45,Poza stacją…,Poza stacją…
1420,65895824,57557,2019-03-22 13:48:29,2019-03-22 13:49:08,Plac Uniwersytecki (UWr),Plac Uniwersytecki (UWr)
1421,65895942,57557,2019-03-22 13:50:01,2019-03-22 13:50:35,Plac Uniwersytecki (UWr),Plac Uniwersytecki (UWr)
1422,65896181,57557,2019-03-22 13:53:03,2019-03-22 13:54:59,Plac Uniwersytecki (UWr),Poza stacją…
1423,65896419,57557,2019-03-22 13:56:11,2019-03-22 13:57:11,Poza stacją…,Plac Uniwersytecki (UWr)
1424,65897570,57946,2019-03-22 14:10:50,2019-03-22 14:20:13,Plac Uniwersytecki (UWr),Ĺšwidnicka / Piłsudskiego (Hotel Scandic)
1425,65897463,57087,2019-03-22 14:09:40,2019-03-22 14:20:45,Plac Uniwersytecki (UWr),Ĺšwidnicka / Piłsudskiego (Hotel Scandic)
1426,65897426,57557,2019-03-22 14:09:11,2019-03-22 14:20:59,Plac Uniwersytecki (UWr),Ĺšwidnicka / Piłsudskiego (Hotel Scandic)
1427,65898988,57096,2019-03-22 14:29:37,2019-03-22 14:29:43,Ĺšwidnicka / Piłsudskiego (Hotel Scandic),Plac Kościuszki (Renoma)
1428,65897533,57683,2019-03-22 14:10:27,2019-03-22 14:51:56,Plac Uniwersytecki (UWr),Ĺšwidnicka / Piłsudskiego (Hotel Scandic)
1429,65900721,57557,2019-03-22 14:51:23,2019-03-22 14:51:58,Ĺšwidnicka / Piłsudskiego (Hotel Scandic),Ĺšwidnicka / Piłsudskiego (Hotel Scandic)
1430,65900669,57554,2019-03-22 14:50:36,2019-03-22 14:52:10,Ĺšwidnicka / Piłsudskiego (Hotel Scandic),Ĺšwidnicka / Piłsudskiego (Hotel Scandic)
1431,65900911,57683,2019-03-22 14:53:21,2019-03-22 14:54:24,Ĺšwidnicka / Piłsudskiego (Hotel Scandic),Poza stacją…
1432,65900942,57557,2019-03-22 14:53:41,2019-03-22 14:54:39,Ĺšwidnicka / Piłsudskiego (Hotel Scandic),Poza stacją…
1433,65901185,57557,2019-03-22 14:56:25,2019-03-22 14:57:14,Poza stacją…,Ĺšwidnicka / Piłsudskiego (Hotel Scandic)
1434,65900679,57946,2019-03-22 14:50:43,2019-03-22 14:58:01,Ĺšwidnicka / Piłsudskiego (Hotel Scandic),Ĺšwidnicka / Piłsudskiego (Hotel Scandic)
1435,65901286,57683,2019-03-22 14:57:26,2019-03-22 14:58:39,Poza stacją…,Ĺšwidnicka / Piłsudskiego (Hotel Scandic)
1436,65901417,57683,2019-03-22 14:59:16,2019-03-22 14:59:38,Ĺšwidnicka / Piłsudskiego (Hotel Scandic),Ĺšwidnicka / Piłsudskiego (Hotel Scandic)
1437,65901495,57683,2019-03-22 15:00:15,2019-03-22 15:01:04,Ĺšwidnicka / Piłsudskiego (Hotel Scandic),Ĺšwidnicka / Piłsudskiego (Hotel Scandic)
1438,65901654,57683,2019-03-22 15:01:38,2019-03-22 15:02:17,Ĺšwidnicka / Piłsudskiego (Hotel Scandic),Ĺšwidnicka / Piłsudskiego (Hotel Scandic)
1439,65902060,57946,2019-03-22 15:05:25,2019-03-22 15:06:50,Ĺšwidnicka / Piłsudskiego (Hotel Scandic),Ĺšwidnicka / Piłsudskiego (Hotel Scandic)
1440,65902931,57557,2019-03-22 15:14:28,2019-03-22 15:15:48,Ĺšwidnicka / Piłsudskiego (Hotel Scandic),Ĺšwidnicka / Piłsudskiego (Hotel Scandic)
1441,65903002,57946,2019-03-22 15:15:09,2019-03-22 15:15:58,Ĺšwidnicka / Piłsudskiego (Hotel Scandic),Ĺšwidnicka / Piłsudskiego (Hotel Scandic)
1442,65903013,57554,2019-03-22 15:15:16,2019-03-22 15:17:00,Ĺšwidnicka / Piłsudskiego (Hotel Scandic),Ĺšwidnicka / Piłsudskiego (Hotel Scandic)
1443,65901814,57683,2019-03-22 15:03:04,2019-03-22 15:17:36,Ĺšwidnicka / Piłsudskiego (Hotel Scandic),Ĺšwidnicka / Piłsudskiego (Hotel Scandic)
1444,65903154,57087,2019-03-22 15:16:49,2019-03-22 15:18:06,Ĺšwidnicka / Piłsudskiego (Hotel Scandic),Ĺšwidnicka / Piłsudskiego (Hotel Scandic)
1445,65903249,57946,2019-03-22 15:17:51,2019-03-22 15:20:27,Ĺšwidnicka / Piłsudskiego (Hotel Scandic),Ĺšwidnicka / Piłsudskiego (Hotel Scandic)
1446,65903419,57554,2019-03-22 15:19:33,2019-03-22 15:21:09,Ĺšwidnicka / Piłsudskiego (Hotel Scandic),Ĺšwidnicka / Piłsudskiego (Hotel Scandic)
1447,65903505,57557,2019-03-22 15:20:32,2019-03-22 15:21:31,Ĺšwidnicka / Piłsudskiego (Hotel Scandic),Ĺšwidnicka / Piłsudskiego (Hotel Scandic)
1448,65903576,57946,2019-03-22 15:21:22,2019-03-22 15:22:35,Ĺšwidnicka / Piłsudskiego (Hotel Scandic),Ĺšwidnicka / Piłsudskiego (Hotel Scandic)
1449,65903754,57683,2019-03-22 15:23:11,2019-03-22 15:23:25,Ĺšwidnicka / Piłsudskiego (Hotel Scandic),Ĺšwidnicka / Piłsudskiego (Hotel Scandic)
1450,65903882,57683,2019-03-22 15:24:23,2019-03-22 15:24:29,Ĺšwidnicka / Piłsudskiego (Hotel Scandic),Ĺšwidnicka / Piłsudskiego (Hotel Scandic)
1451,65903811,57946,2019-03-22 15:23:42,2019-03-22 15:24:35,Ĺšwidnicka / Piłsudskiego (Hotel Scandic),Ĺšwidnicka / Piłsudskiego (Hotel Scandic)
1452,65903733,57557,2019-03-22 15:22:59,2019-03-22 15:26:02,Ĺšwidnicka / Piłsudskiego (Hotel Scandic),Ĺšwidnicka / Piłsudskiego (Hotel Scandic)
1453,65903743,57554,2019-03-22 15:23:06,2019-03-22 15:26:19,Ĺšwidnicka / Piłsudskiego (Hotel Scandic),Ĺšwidnicka / Piłsudskiego (Hotel Scandic)
1454,65904041,57946,2019-03-22 15:25:53,2019-03-22 15:35:50,Ĺšwidnicka / Piłsudskiego (Hotel Scandic),Plac Uniwersytecki (UWr)
1455,65904115,57087,2019-03-22 15:26:35,2019-03-22 15:35:53,Ĺšwidnicka / Piłsudskiego (Hotel Scandic),Plac Uniwersytecki (UWr)
1456,65904183,57990,2019-03-22 15:27:17,2019-03-22 15:36:41,Ĺšwidnicka / Piłsudskiego (Hotel Scandic),Poza stacją…
1457,65905341,57990,2019-03-22 15:38:37,2019-03-22 15:39:22,Poza stacją…,Plac Uniwersytecki (UWr)
1458,65906276,57398,2019-03-22 15:48:15,2019-03-22 15:49:13,Plac Uniwersytecki (UWr),Plac Uniwersytecki (UWr)
1459,65906620,58022,2019-03-22 15:51:31,2019-03-22 15:53:23,Plac Uniwersytecki (UWr),Poza stacją…
1460,65905771,57370,2019-03-22 15:43:06,2019-03-22 15:54:29,GrabiszyĹ„ska / Aleja Hallera,Pereca / GrabiszyĹ„ska
1461,65906919,58022,2019-03-22 15:54:28,2019-03-22 15:55:42,Poza stacją…,Poza stacją…
1462,65907085,57398,2019-03-22 15:56:08,2019-03-22 16:03:45,Plac Uniwersytecki (UWr),Plac Uniwersytecki (UWr)
1463,65907894,57990,2019-03-22 16:03:24,2019-03-22 16:03:53,Plac Uniwersytecki (UWr),Poza stacją…
1464,65904147,57557,2019-03-22 15:26:53,2019-03-22 16:19:06,Ĺšwidnicka / Piłsudskiego (Hotel Scandic),Plac Uniwersytecki (UWr)
1465,65904146,57554,2019-03-22 15:26:52,2019-03-22 16:19:17,Ĺšwidnicka / Piłsudskiego (Hotel Scandic),Plac Uniwersytecki (UWr)
1466,65904052,57683,2019-03-22 15:25:59,2019-03-22 16:19:36,Ĺšwidnicka / Piłsudskiego (Hotel Scandic),Plac Uniwersytecki (UWr)
1467,65909918,57946,2019-03-22 16:20:29,2019-03-22 16:21:36,Plac Uniwersytecki (UWr),Plac Uniwersytecki (UWr)
1468,65911311,57946,2019-03-22 16:33:18,2019-03-22 16:46:51,Plac Uniwersytecki (UWr),Ĺšwidnicka / Piłsudskiego (Hotel Scandic)
1469,65911176,57557,2019-03-22 16:32:02,2019-03-22 16:46:52,Plac Uniwersytecki (UWr),Ĺšwidnicka / Piłsudskiego (Hotel Scandic)
1470,65911213,57554,2019-03-22 16:32:22,2019-03-22 16:46:52,Plac Uniwersytecki (UWr),Ĺšwidnicka / Piłsudskiego (Hotel Scandic)
1471,65911128,57087,2019-03-22 16:31:39,2019-03-22 16:46:55,Plac Uniwersytecki (UWr),Ĺšwidnicka / Piłsudskiego (Hotel Scandic)
1472,65887594,57339,2019-03-22 11:36:22,2019-03-22 17:26:21,Dworzec Głółwny ,Poza stacją…
1473,65924161,57585,2019-03-22 18:35:20,2019-03-22 18:48:35,Strzegomska / EstoĹ„ska,Strzegomska / EstoĹ„ska
1474,65939109,57212,2019-03-22 23:49:04,2019-03-22 23:56:39,Szczą™śliwa (Sky Tower),Dworzec Głółwny 
1475,65939214,57437,2019-03-22 23:53:11,2019-03-23 00:02:31,Sienkiewicza / WyszyĹ„skiego,Poza stacją…
1476,65939394,57265,2019-03-23 00:00:07,2019-03-23 00:06:39,Dyrekcyjna / Borowska (Wroclavia),Dyrekcyjna / Borowska (Wroclavia)
1477,65939666,57765,2019-03-23 00:10:01,2019-03-23 00:27:26,Drobnera / Dubois,Drobnera / Dubois
1478,65939674,57761,2019-03-23 00:10:18,2019-03-23 00:27:30,Drobnera / Dubois,Drobnera / Dubois
1479,65939670,57770,2019-03-23 00:10:09,2019-03-23 00:27:31,Drobnera / Dubois,Drobnera / Dubois
1480,65940031,57810,2019-03-23 00:23:20,2019-03-23 00:27:54,Dworzec Głółwny ,Kościuszki / Pułaskiego
1481,65939430,57501,2019-03-23 00:02:00,2019-03-23 00:27:55,Drobnera / Plac Bema,Pereca / GrabiszyĹ„ska
1482,65940142,57309,2019-03-23 00:27:43,2019-03-23 00:33:11,GrabiszyĹ„ska / Magazynierska (Corte Verona),GrabiszyĹ„ska / Stalowa
1483,65939941,57772,2019-03-23 00:20:05,2019-03-23 00:40:36,Rynek,Ĺšwieradowska (Ferio GajÂ )
1484,65940537,57501,2019-03-23 00:44:29,2019-03-23 00:45:03,Pereca / GrabiszyĹ„ska,Pereca / GrabiszyĹ„ska
1485,65940547,57751,2019-03-23 00:44:51,2019-03-23 00:47:07,Legnicka / Młodych Technikółw,Plac Strzegomski / PoznaĹ„ska
1486,65940372,57386,2019-03-23 00:37:51,2019-03-23 00:50:11,Kościuszki / Komuny Paryskiej / Zgodna,Wita Stwosza / Szewska
1487,65940471,57208,2019-03-23 00:41:34,2019-03-23 00:52:06,Plac Jana Pawła II (Akademia Muzyczna),Zachodnia / PoznaĹ„ska
1488,65940042,57331,2019-03-23 00:23:52,2019-03-23 00:53:34,Nowowiejska / Gółrnickiego,Legnicka (Park Magnolia)
1489,65940618,57025,2019-03-23 00:47:24,2019-03-23 01:08:36,PowstaĹ„cow Ĺšlą…skich / Aleja Hallera,PowstaĹ„cow Ĺšlą…skich / Aleja Hallera
1490,65941167,57929,2019-03-23 01:14:28,2019-03-23 01:14:40,Aleja Hallera / Mielecka,Aleja Hallera / Mielecka
1491,65941156,57299,2019-03-23 01:14:11,2019-03-23 01:20:42,Aleja Hallera / Mielecka,"Grochowa / Jemiołowa,"
1492,65941173,57925,2019-03-23 01:14:56,2019-03-23 01:20:45,Aleja Hallera / Mielecka,"Grochowa / Jemiołowa,"
1493,65941100,57182,2019-03-23 01:11:40,2019-03-23 01:22:08,Drobnera / Plac Bema,Kościuszki / Pułaskiego
1494,65941445,57925,2019-03-23 01:27:35,2019-03-23 01:29:43,"Grochowa / Jemiołowa,",Poza stacją…
1495,65941441,57299,2019-03-23 01:27:14,2019-03-23 01:30:03,"Grochowa / Jemiołowa,",Poza stacją…
1496,65941193,57206,2019-03-23 01:15:45,2019-03-23 01:30:11,Rondo Reagana,Rynek
1497,65941198,57285,2019-03-23 01:15:58,2019-03-23 01:30:46,Rondo Reagana,Rynek
1498,65941521,57259,2019-03-23 01:31:56,2019-03-23 01:39:44,Sienkiewicza / WyszyĹ„skiego,Plac Ĺšwią™tego Macieja / Trzebnicka
1499,65941350,57212,2019-03-23 01:23:34,2019-03-23 01:42:06,Dworzec Głółwny ,Drobnera / Plac Bema
1500,65941356,57948,2019-03-23 01:23:47,2019-03-23 01:42:18,Dworzec Głółwny ,Drobnera / Plac Bema
1501,65941384,57803,2019-03-23 01:24:45,2019-03-23 01:44:31,Ĺšwidnicka / Piłsudskiego (Hotel Scandic),Poza stacją…
1502,65941618,57086,2019-03-23 01:36:18,2019-03-23 01:55:38,PowstaĹ„cółw Ĺšlą…skich (Arkady Wrocławskie),Ĺ»migrodzka / Broniewskiego
1503,65942102,57946,2019-03-23 02:03:51,2019-03-23 02:09:52,Ĺšwidnicka / Piłsudskiego (Hotel Scandic),Plac PowstaĹ„cółw Ĺšlą…skich
1504,65942166,57761,2019-03-23 02:06:44,2019-03-23 02:16:57,Drobnera / Dubois,Drobnera / Dubois
1505,65942171,57765,2019-03-23 02:06:53,2019-03-23 02:17:02,Drobnera / Dubois,Drobnera / Dubois
1506,65942372,57671,2019-03-23 02:19:07,2019-03-23 02:21:59,Traugutta / Pułaskiego,Kościuszki / Pułaskiego
1507,65942371,57520,2019-03-23 02:18:59,2019-03-23 02:22:19,Traugutta / Pułaskiego,Kościuszki / Pułaskiego
1508,65942000,57296,2019-03-23 01:57:10,2019-03-23 02:37:32,Plac DominikaĹ„ski (Galeria DominikaĹ„ska),Plac Legionółw
1509,65941993,57073,2019-03-23 01:56:52,2019-03-23 02:37:41,Plac DominikaĹ„ski (Galeria DominikaĹ„ska),Plac Legionółw
1510,65942286,57927,2019-03-23 02:13:03,2019-03-23 02:40:28,Zaporoska / GrabiszyĹ„ska,Oporółw (pą™tla tramwajowa)
1511,65942730,57454,2019-03-23 02:42:05,2019-03-23 02:46:31,Zaporoska / Gajowicka,Krucza / Mielecka / Stalowa
1512,65943029,57582,2019-03-23 03:04:33,2019-03-23 03:05:05,Drobnera / Plac Bema,Drobnera / Plac Bema
1513,65943031,57020,2019-03-23 03:04:41,2019-03-23 03:15:36,Drobnera / Plac Bema,Sienkiewicza / WyszyĹ„skiego
1514,65943047,57465,2019-03-23 03:05:41,2019-03-23 03:16:20,Drobnera / Plac Bema,Sienkiewicza / WyszyĹ„skiego
1515,65943023,57665,2019-03-23 03:03:51,2019-03-23 03:16:56,Drobnera / Plac Bema,Sienkiewicza / WyszyĹ„skiego
1516,65943027,57692,2019-03-23 03:04:24,2019-03-23 03:17:05,Drobnera / Plac Bema,Sienkiewicza / WyszyĹ„skiego
1517,65943255,57139,2019-03-23 03:23:07,2019-03-23 03:31:37,Sienkiewicza / WyszyĹ„skiego,Sienkiewicza / Piastowska
1518,65943250,57692,2019-03-23 03:22:48,2019-03-23 03:31:43,Sienkiewicza / WyszyĹ„skiego,Sienkiewicza / Piastowska
1519,65943254,57020,2019-03-23 03:23:01,2019-03-23 03:31:46,Sienkiewicza / WyszyĹ„skiego,Sienkiewicza / Piastowska
1520,65943252,57230,2019-03-23 03:22:54,2019-03-23 03:32:01,Sienkiewicza / WyszyĹ„skiego,Sienkiewicza / Piastowska
1521,65943245,57273,2019-03-23 03:22:07,2019-03-23 03:36:04,Plac Ĺšwią™tego Macieja / Trzebnicka,Aleja Kromera
1522,65943603,57447,2019-03-23 03:50:38,2019-03-23 03:56:08,"Dworzec Głółwny, południe",Ĺšlą™ĹĽna / Kamienna (Uniw. Ekonomiczny)
1523,65943569,57206,2019-03-23 03:47:36,2019-03-23 04:01:20,Rynek,Nowowiejska / Gółrnickiego
1524,65943573,57285,2019-03-23 03:47:49,2019-03-23 04:01:31,Rynek,Nowowiejska / Gółrnickiego
1525,65943698,57623,2019-03-23 03:58:45,2019-03-23 04:11:01,Rondo Reagana,Wrółblewskiego (Teki)
1526,65943695,57338,2019-03-23 03:58:27,2019-03-23 04:11:04,Rondo Reagana,Wrółblewskiego (Teki)
1527,65943696,57422,2019-03-23 03:58:34,2019-03-23 04:11:09,Rondo Reagana,Wrółblewskiego (Teki)
1528,65943638,57319,2019-03-23 03:52:41,2019-03-23 04:27:09,Rondo Reagana,Poza stacją…
1529,65943950,57203,2019-03-23 04:25:16,2019-03-23 04:37:57,Rondo Reagana,Poza stacją…
1530,65944045,57273,2019-03-23 04:40:40,2019-03-23 04:50:51,Aleja Kromera,Poza stacją…
1531,65944129,57925,2019-03-23 04:52:30,2019-03-23 04:55:07,Poza stacją…,Poza stacją…
1532,65944127,57299,2019-03-23 04:52:14,2019-03-23 04:55:12,Poza stacją…,Poza stacją…
1533,65944175,57925,2019-03-23 04:57:51,2019-03-23 05:00:19,Poza stacją…,Poza stacją…
1534,65944170,57299,2019-03-23 04:57:21,2019-03-23 05:00:37,Poza stacją…,Poza stacją…
1535,65943777,57517,2019-03-23 04:08:37,2019-03-23 05:01:11,Traugutta / Pułaskiego,Rondo Reagana
1536,65944341,57209,2019-03-23 05:27:45,2019-03-23 05:31:15,PowstaĹ„cow Ĺšlą…skich / Aleja Hallera,Plac PowstaĹ„cółw Ĺšlą…skich
1537,65944448,57299,2019-03-23 05:45:20,2019-03-23 05:49:40,Poza stacją…,Aleja Hallera / Mielecka
1538,65944556,57635,2019-03-23 06:02:50,2019-03-23 06:13:37,Drobnera / Plac Bema,Dworzec Głółwny 
1539,65944805,57358,2019-03-23 06:35:59,2019-03-23 06:43:24,Plac Jana Pawła II (Akademia Muzyczna),Poza stacją…
1540,65944921,57357,2019-03-23 06:47:59,2019-03-23 06:54:34,Plac Jana Pawła II (Akademia Muzyczna),Poza stacją…
1541,65945217,57927,2019-03-23 07:22:42,2019-03-23 07:39:32,Oporółw (pą™tla tramwajowa),Poza stacją…
1542,65945578,57531,2019-03-23 07:48:59,2019-03-23 07:52:50,Ĺ»eromskiego / DaszyĹ„skiego,Nowowiejska / WyszyĹ„skiego
1543,65945417,57927,2019-03-23 07:40:07,2019-03-23 07:59:47,Poza stacją…,Plac Grunwaldzki (DS Ołółwek)
1544,65945663,57531,2019-03-23 07:54:28,2019-03-23 08:01:32,Nowowiejska / WyszyĹ„skiego,Rondo Reagana
1545,65945588,57996,2019-03-23 07:50:05,2019-03-23 08:03:21,Wita Stwosza / Szewska,Kościuszki / Komuny Paryskiej / Zgodna
1546,65945681,57773,2019-03-23 07:55:33,2019-03-23 08:07:28,Wita Stwosza / Szewska,Plac Grunwaldzki / Polaka
1547,65945861,57158,2019-03-23 08:07:05,2019-03-23 08:15:03,Szczą™śliwa (Sky Tower),Zaporoska / GrabiszyĹ„ska
1548,65946098,57396,2019-03-23 08:18:49,2019-03-23 08:28:51,Traugutta / Pułaskiego,Poza stacją…
1549,65946148,57764,2019-03-23 08:21:23,2019-03-23 08:30:28,Jagiełły / Dmowskiego ,Plac Strzegomski / PoznaĹ„ska
1550,65946135,57175,2019-03-23 08:20:52,2019-03-23 08:32:12,"Dworzec Głółwny, południe",Poza stacją…
1551,65946139,57192,2019-03-23 08:21:00,2019-03-23 08:35:46,Nowowiejska / Gółrnickiego,"Dworzec Głółwny, południe"
1552,65946217,57549,2019-03-23 08:26:01,2019-03-23 08:36:22,Dworzec Głółwny ,Poza stacją…
1553,65946715,57520,2019-03-23 08:44:59,2019-03-23 08:51:08,Kościuszki / Pułaskiego,Plac DominikaĹ„ski (Galeria DominikaĹ„ska)
1554,65946256,57873,2019-03-23 08:27:14,2019-03-23 08:51:26,Bardzka / Pią™kna,Bardzka / Pią™kna
1555,65946455,57336,2019-03-23 08:35:42,2019-03-23 08:53:39,Traugutta / Pułaskiego,Poza stacją…
1556,65946770,57988,2019-03-23 08:46:40,2019-03-23 08:55:39,"Dworzec Głółwny, południe",Poza stacją…
1557,65946915,57212,2019-03-23 08:51:04,2019-03-23 08:55:49,Drobnera / Plac Bema,Plac DominikaĹ„ski (Galeria DominikaĹ„ska)
1558,65946569,57810,2019-03-23 08:39:18,2019-03-23 08:56:10,Kościuszki / Pułaskiego,Poza stacją…
1559,65947022,57222,2019-03-23 08:54:28,2019-03-23 08:56:30,PowstaĹ„cółw Ĺšlą…skich (Arkady Wrocławskie),Poza stacją…
1560,65946603,57598,2019-03-23 08:41:02,2019-03-23 08:57:51,Ĺ»eromskiego / DaszyĹ„skiego,Dworzec Głółwny 
1561,65946794,57339,2019-03-23 08:47:24,2019-03-23 08:58:15,Poza stacją…,Ĺukasiewicza / Smoluchowskiego (PWr)
1562,65947119,57183,2019-03-23 08:57:41,2019-03-23 09:01:46,PowstaĹ„cółw Ĺšlą…skich (Arkady Wrocławskie),Dworzec Głółwny 
1563,65946709,57003,2019-03-23 08:44:44,2019-03-23 09:01:51,Kościuszki / Komuny Paryskiej / Zgodna,Ĺšlą™ĹĽna / Kamienna (Uniw. Ekonomiczny)
1564,65947165,57417,2019-03-23 08:59:11,2019-03-23 09:02:15,Poniatowskiego / Oleśnicka,Poza stacją…
1565,65947216,57988,2019-03-23 09:00:48,2019-03-23 09:03:10,Poza stacją…,Plac PowstaĹ„cółw Ĺšlą…skich
1566,65946683,57671,2019-03-23 08:44:05,2019-03-23 09:04:31,Kościuszki / Pułaskiego,PowstaĹ„cow Ĺšlą…skich / Aleja Hallera
1567,65945964,57080,2019-03-23 08:11:51,2019-03-23 09:06:49,Ĺšlą™ĹĽna / Kamienna (Uniw. Ekonomiczny),Krzycka / Aleja Karkonoska (Park Południowy)
1568,65945960,57447,2019-03-23 08:11:33,2019-03-23 09:06:53,Ĺšlą™ĹĽna / Kamienna (Uniw. Ekonomiczny),Krzycka / Aleja Karkonoska (Park Południowy)
1569,65947172,57221,2019-03-23 08:59:25,2019-03-23 09:16:35,Wałbrzyska - pą™tla tramwajowa,Oporółw (pą™tla tramwajowa)
1570,65947524,57287,2019-03-23 09:11:12,2019-03-23 09:17:57,Ĺ»elazna / Pereca,Aleja Hallera / Mielecka
1571,65946964,57635,2019-03-23 08:52:41,2019-03-23 09:18:12,Dworzec Głółwny ,Norwida / WyspiaĹ„skiego (PWr)
1572,65946819,57940,2019-03-23 08:48:15,2019-03-23 09:18:16,Dworzec Głółwny ,Norwida / WyspiaĹ„skiego (PWr)
1573,65946810,58044,2019-03-23 08:47:59,2019-03-23 09:18:22,Dworzec Głółwny ,Norwida / WyspiaĹ„skiego (PWr)
1574,65947772,57627,2019-03-23 09:18:56,2019-03-23 09:19:44,Trymanda / MiĹ„ska,Trymanda / MiĹ„ska
1575,65947217,57281,2019-03-23 09:00:52,2019-03-23 09:20:23,Plac Ĺšwią™tego Macieja / Trzebnicka,Drobnera / Plac Bema
1576,65947611,57722,2019-03-23 09:13:56,2019-03-23 09:26:45,GrabiszyĹ„ska / Stalowa,Aleja Hallera / Mielecka
1577,65947606,57854,2019-03-23 09:13:40,2019-03-23 09:27:17,GrabiszyĹ„ska / Stalowa,Aleja Hallera / Mielecka
1578,65947678,57233,2019-03-23 09:16:16,2019-03-23 09:27:51,Fosa MiejskaÂ ,Joliot-Curie (Uwr)
1579,65948214,57697,2019-03-23 09:31:24,2019-03-23 09:31:47,Dworzec Głółwny ,Dworzec Głółwny 
1580,65948000,57280,2019-03-23 09:25:18,2019-03-23 09:33:15,Sienkiewicza / WyszyĹ„skiego,Rondo Reagana
1581,65947794,57221,2019-03-23 09:19:30,2019-03-23 09:39:09,Oporółw (pą™tla tramwajowa),Oporółw (pą™tla tramwajowa)
1582,65948354,57568,2019-03-23 09:35:24,2019-03-23 09:42:08,Ĺ»eromskiego / DaszyĹ„skiego,Sienkiewicza / WyszyĹ„skiego
1583,65948513,57958,2019-03-23 09:39:04,2019-03-23 09:42:47,Traugutta / Pułaskiego,Kościuszki / Pułaskiego
1584,65947190,57144,2019-03-23 09:00:01,2019-03-23 09:46:23,Plac Grunwaldzki (DS Ołółwek),Pilczycka (Stadion Miejski)
1585,65948634,57206,2019-03-23 09:41:21,2019-03-23 09:46:42,Nowowiejska / Gółrnickiego,Poniatowskiego / Oleśnicka
1586,65947544,57200,2019-03-23 09:11:50,2019-03-23 09:47:53,Leśnica - pą™tla tramwajowa,Poza stacją…
1587,65948607,57285,2019-03-23 09:40:53,2019-03-23 09:49:22,Nowowiejska / Gółrnickiego,Rondo Reagana
1588,65948623,57282,2019-03-23 09:41:08,2019-03-23 09:49:40,Nowowiejska / Gółrnickiego,Rondo Reagana
1589,65948667,57349,2019-03-23 09:42:00,2019-03-23 09:51:03,Plac DominikaĹ„ski (Galeria DominikaĹ„ska),Kościuszki / Komuny Paryskiej / Zgodna
1590,65948624,57291,2019-03-23 09:41:11,2019-03-23 09:53:57,Plac PowstaĹ„cółw Ĺšlą…skich,Plac PowstaĹ„cółw Warszawy (Muzeum Narodowe)
1591,65949064,58029,2019-03-23 09:51:28,2019-03-23 09:54:57,Kazimierza Wielkiego (Helios),Poza stacją…
1592,65948996,57896,2019-03-23 09:49:53,2019-03-23 09:56:11,Plac Grunwaldzki (DS Ołółwek),Rondo Reagana
1593,65949014,57872,2019-03-23 09:50:06,2019-03-23 09:56:30,Plac Grunwaldzki (DS Ołółwek),Rondo Reagana
1594,65949183,57292,2019-03-23 09:54:07,2019-03-23 09:56:43,WyszyĹ„skiego / Szczytnicka,Joliot-Curie (Uwr)
1595,65949031,57175,2019-03-23 09:50:32,2019-03-23 09:57:42,Poza stacją…,Plac PowstaĹ„cółw Warszawy (Muzeum Narodowe)
1596,65948058,57625,2019-03-23 09:27:03,2019-03-23 09:58:26,GrabiszyĹ„ska / Aleja Hallera,Joliot-Curie (Uwr)
1597,65948121,57559,2019-03-23 09:28:33,2019-03-23 10:00:47,Traugutta / Pułaskiego,Kościuszki / Pułaskiego
1598,65949225,57642,2019-03-23 09:54:57,2019-03-23 10:02:00,Dworzec Głółwny ,Kazimierza Wielkiego (Helios)
1599,65948687,57365,2019-03-23 09:42:23,2019-03-23 10:02:11,Krzycka / Aleja Karkonoska (Park Południowy),Ĺšlą™ĹĽna / Kamienna (Uniw. Ekonomiczny)
1600,65949526,57093,2019-03-23 10:01:54,2019-03-23 10:02:27,Krucza / Mielecka / Stalowa,Krucza / Mielecka / Stalowa
1601,65948699,57611,2019-03-23 09:42:40,2019-03-23 10:02:28,Krzycka / Aleja Karkonoska (Park Południowy),Ĺšlą™ĹĽna / Kamienna (Uniw. Ekonomiczny)
1602,65949197,57892,2019-03-23 09:54:23,2019-03-23 10:04:32,Plac PowstaĹ„cółw Warszawy (Muzeum Narodowe),Poza stacją…
1603,65949529,57641,2019-03-23 10:01:59,2019-03-23 10:05:15,Plac Grunwaldzki (DS Ołółwek),Rondo Reagana
1604,65949603,57499,2019-03-23 10:03:48,2019-03-23 10:07:29,Drobnera / Plac Bema,Poza stacją…
1605,65948819,57281,2019-03-23 09:45:36,2019-03-23 10:08:06,Drobnera / Plac Bema,Wrółblewskiego (ZOO)
1606,65948829,57684,2019-03-23 09:45:44,2019-03-23 10:08:19,Drobnera / Plac Bema,Wrółblewskiego (ZOO)
1607,65949682,57365,2019-03-23 10:05:46,2019-03-23 10:09:43,Ĺšlą™ĹĽna / Kamienna (Uniw. Ekonomiczny),Ĺšlą™ĹĽna / Aleja Wiśniowa
1608,65949313,57411,2019-03-23 09:57:00,2019-03-23 10:11:49,Borowska (Uniw. Szpital Kliniczny),Poza stacją…
1609,65949854,57819,2019-03-23 10:09:40,2019-03-23 10:12:21,Mościckiego (stacja kolejowa),Mościckiego (stacja kolejowa)
1610,65949542,57760,2019-03-23 10:02:19,2019-03-23 10:12:48,Traugutta / Kościuszki,Joliot-Curie (Uwr)
1611,65949845,57921,2019-03-23 10:09:26,2019-03-23 10:13:06,Sienkiewicza / Piastowska,Sienkiewicza / WyszyĹ„skiego
1612,65949420,57582,2019-03-23 09:59:35,2019-03-23 10:13:14,Drobnera / Plac Bema,Kazimierza Wielkiego (Helios)
1613,65949788,57389,2019-03-23 10:08:04,2019-03-23 10:13:23,Plac Grunwaldzki / Polaka,Plac Grunwaldzki (DS Ołółwek)
1614,65949231,57487,2019-03-23 09:55:05,2019-03-23 10:13:37,Rondo Reagana,Norwida / WyspiaĹ„skiego (PWr)
1615,65950015,57204,2019-03-23 10:13:36,2019-03-23 10:13:58,Ĺ»eromskiego / DaszyĹ„skiego,Poza stacją…
1616,65948498,57385,2019-03-23 09:38:35,2019-03-23 10:14:10,Sienkiewicza / WyszyĹ„skiego,Plac DominikaĹ„ski (Galeria DominikaĹ„ska)
1617,65949827,57593,2019-03-23 10:08:57,2019-03-23 10:14:32,Aleja Hallera / Mielecka,Ĺ»elazna / Pereca
1618,65949830,57339,2019-03-23 10:09:01,2019-03-23 10:17:14,Ĺukasiewicza / Smoluchowskiego (PWr),Plac Grunwaldzki / Polaka
1619,65949738,57782,2019-03-23 10:07:05,2019-03-23 10:17:37,Traugutta / Kościuszki,Rondo Reagana
1620,65950042,57351,2019-03-23 10:14:14,2019-03-23 10:17:44,Rondo Reagana,Plac Grunwaldzki (DS Ołółwek)
1621,65949452,57422,2019-03-23 10:00:13,2019-03-23 10:20:20,Wrółblewskiego (Teki),Poza stacją…
1622,65950244,57882,2019-03-23 10:18:33,2019-03-23 10:20:42,Buforowa - Vivaldiego,Buforowa - Vivaldiego
1623,65950133,57094,2019-03-23 10:16:01,2019-03-23 10:25:10,Plac Strzegomski / PoznaĹ„ska,Poza stacją…
1624,65950049,57631,2019-03-23 10:14:21,2019-03-23 10:25:20,Ĺ»eromskiego / DaszyĹ„skiego,Poza stacją…
1625,65948184,57039,2019-03-23 09:30:16,2019-03-23 10:26:24,Wrółblewskiego (Teki),Norwida / WyspiaĹ„skiego (PWr)
1626,65948163,57445,2019-03-23 09:29:45,2019-03-23 10:26:38,Wrółblewskiego (Teki),Norwida / WyspiaĹ„skiego (PWr)
1627,65950490,57502,2019-03-23 10:23:13,2019-03-23 10:27:07,Rondo Reagana,Plac Grunwaldzki / Polaka
1628,65949612,57797,2019-03-23 10:03:58,2019-03-23 10:27:39,Rynek,Rynek
1629,65950167,57437,2019-03-23 10:16:43,2019-03-23 10:29:18,Poza stacją…,Plac DominikaĹ„ski (Galeria DominikaĹ„ska)
1630,65950531,57632,2019-03-23 10:23:56,2019-03-23 10:31:33,Dworzec Głółwny ,Dworzec Głółwny 
1631,65950496,57926,2019-03-23 10:23:18,2019-03-23 10:31:45,Dworzec Głółwny ,Dworzec Głółwny 
1632,65950852,57839,2019-03-23 10:29:34,2019-03-23 10:32:23,Plac PowstaĹ„cółw Warszawy (Muzeum Narodowe),Poza stacją…
1633,65950885,57909,2019-03-23 10:30:12,2019-03-23 10:32:24,Poza stacją…,Plac PowstaĹ„cółw Warszawy (Muzeum Narodowe)
1634,65950775,57588,2019-03-23 10:28:08,2019-03-23 10:33:28,Nowowiejska / Gółrnickiego,Rondo Reagana
1635,65950247,57918,2019-03-23 10:18:36,2019-03-23 10:33:32,Dworzec Głółwny ,PowstaĹ„cow Ĺšlą…skich / Aleja Hallera
1636,65950710,57215,2019-03-23 10:26:52,2019-03-23 10:36:40,Fosa MiejskaÂ ,Plac Ĺšwią™tego Macieja / Trzebnicka
1637,65951134,57254,2019-03-23 10:33:56,2019-03-23 10:38:20,Szczą™śliwa (Sky Tower),PowstaĹ„cółw Ĺšlą…skich (Arkady Wrocławskie)
1638,65950590,57865,2019-03-23 10:25:04,2019-03-23 10:38:33,Dyrekcyjna / Borowska (Wroclavia),WyszyĹ„skiego / Szczytnicka
1639,65950340,57540,2019-03-23 10:20:17,2019-03-23 10:39:29,Plac Grunwaldzki / Polaka,Legnicka / ZachodniaÂ 
1640,65948552,57566,2019-03-23 09:39:52,2019-03-23 10:39:30,Nowowiejska / WyszyĹ„skiego,Ĺ»eromskiego / Kluczborska
1641,65950645,57332,2019-03-23 10:26:00,2019-03-23 10:39:36,Zaporoska / GrabiszyĹ„ska,Poza stacją…
1642,65951122,57158,2019-03-23 10:33:49,2019-03-23 10:40:33,Zaporoska / GrabiszyĹ„ska,Poza stacją…
1643,65950681,57641,2019-03-23 10:26:35,2019-03-23 10:40:40,Rondo Reagana,Wrółblewskiego (ZOO)
1644,65950733,57319,2019-03-23 10:27:21,2019-03-23 10:40:42,Poza stacją…,Wrółblewskiego (Teki)
1645,65950654,57286,2019-03-23 10:26:15,2019-03-23 10:40:43,Zaporoska / GrabiszyĹ„ska,Poza stacją…
1646,65951144,57489,2019-03-23 10:34:08,2019-03-23 10:40:43,Zaporoska / GrabiszyĹ„ska,Szczą™śliwa (Sky Tower)
1647,65950698,57444,2019-03-23 10:26:45,2019-03-23 10:40:47,Rondo Reagana,Wrółblewskiego (ZOO)
1648,65949073,57409,2019-03-23 09:51:52,2019-03-23 10:41:31,Pilczycka (Stadion Miejski),Poza stacją…
1649,65951058,57839,2019-03-23 10:32:54,2019-03-23 10:41:38,Poza stacją…,Fosa MiejskaÂ 
1650,65951081,57324,2019-03-23 10:33:16,2019-03-23 10:41:44,Plac DominikaĹ„ski (Galeria DominikaĹ„ska),Dworzec Głółwny 
1651,65951107,57212,2019-03-23 10:33:38,2019-03-23 10:41:48,Poza stacją…,Dworzec Głółwny 
1652,65951055,57225,2019-03-23 10:32:53,2019-03-23 10:41:50,Plac PowstaĹ„cółw Warszawy (Muzeum Narodowe),Fosa MiejskaÂ 
1653,65950535,57351,2019-03-23 10:24:02,2019-03-23 10:41:56,Plac Grunwaldzki (DS Ołółwek),Marca Polo (Olimpia Port)
1654,65950659,57602,2019-03-23 10:26:16,2019-03-23 10:42:14,Nowowiejska / WyszyĹ„skiego,Plac PowstaĹ„cółw Warszawy (Muzeum Narodowe)
1655,65951287,57769,2019-03-23 10:36:29,2019-03-23 10:44:18,Zwycią™ska / OłtaszyĹ„ska,Zwycią™ska / OłtaszyĹ„ska
1656,65951737,57057,2019-03-23 10:44:05,2019-03-23 10:44:28,Zachodnia / PoznaĹ„ska,Zachodnia / PoznaĹ„ska
1657,65951246,57187,2019-03-23 10:35:45,2019-03-23 10:45:02,Ĺšlą™ĹĽna / Aleja Wiśniowa,Poza stacją…
1658,65951253,57365,2019-03-23 10:35:53,2019-03-23 10:45:21,Ĺšlą™ĹĽna / Aleja Wiśniowa,Poza stacją…
1659,65951505,57006,2019-03-23 10:40:28,2019-03-23 10:47:35,Waniliowa / Cynamonowa,Waniliowa / Cynamonowa
1660,65951444,57211,2019-03-23 10:39:20,2019-03-23 10:48:45,Fosa MiejskaÂ ,Fosa MiejskaÂ 
1661,65950973,57935,2019-03-23 10:31:42,2019-03-23 10:49:01,Strzegomska / EstoĹ„ska,GrabiszyĹ„ska / Stalowa
1662,65950750,57510,2019-03-23 10:27:30,2019-03-23 10:50:19,Nowowiejska / Jedności Narodowej,Fabryczna / Wagonowa
1663,65951552,57461,2019-03-23 10:41:14,2019-03-23 10:50:46,Kościuszki / Pułaskiego,Dworzec Głółwny 
1664,65951955,57815,2019-03-23 10:47:17,2019-03-23 10:52:56,Buforowa - Vivaldiego,Poza stacją…
1665,65950412,57575,2019-03-23 10:21:42,2019-03-23 10:52:57,Mościckiego (stacja kolejowa),Mościckiego (stacja kolejowa)
1666,65950104,57600,2019-03-23 10:15:33,2019-03-23 10:53:41,GrabiszyĹ„ska / Stalowa,Trymanda / MiĹ„ska
1667,65951800,57344,2019-03-23 10:45:02,2019-03-23 10:56:49,Zachodnia / PoznaĹ„ska,Kurkowa / Dubois
1668,65952238,57664,2019-03-23 10:52:09,2019-03-23 10:57:27,Nowowiejska / WyszyĹ„skiego,Poniatowskiego / Oleśnicka
1669,65950397,57756,2019-03-23 10:21:24,2019-03-23 10:59:48,Buforowa - Vivaldiego,Krzycka / Aleja Karkonoska (Park Południowy)
1670,65950065,57719,2019-03-23 10:14:36,2019-03-23 11:00:02,Buforowa - Vivaldiego,Krzycka / Aleja Karkonoska (Park Południowy)
1671,65952197,57093,2019-03-23 10:51:30,2019-03-23 11:01:18,Krucza / Mielecka / Stalowa,Poza stacją…
1672,65952359,57891,2019-03-23 10:54:10,2019-03-23 11:01:59,WyszyĹ„skiego / Szczytnicka,Plac DominikaĹ„ski (Galeria DominikaĹ„ska)
1673,65951336,57039,2019-03-23 10:37:26,2019-03-23 11:02:21,Norwida / WyspiaĹ„skiego (PWr),Norwida / WyspiaĹ„skiego (PWr)
1674,65952014,57436,2019-03-23 10:48:20,2019-03-23 11:02:30,Tyrmanda / Trawowa,Tyrmanda / Trawowa
1675,65950052,57886,2019-03-23 10:14:23,2019-03-23 11:05:02,GrabiszyĹ„ska / Stalowa,Wrółblewskiego (ZOO)
1676,65942267,57836,2019-03-23 02:12:08,2019-03-23 11:05:37,Wita Stwosza / Szewska,Nowowiejska / WyszyĹ„skiego
1677,65950711,57474,2019-03-23 10:26:53,2019-03-23 11:05:51,Rondo Reagana,Wrółblewskiego (Teki)
1678,65950044,57888,2019-03-23 10:14:16,2019-03-23 11:05:52,GrabiszyĹ„ska / Stalowa,Wrółblewskiego (ZOO)
1679,65952334,57224,2019-03-23 10:53:37,2019-03-23 11:06:52,Ĺšlą™ĹĽna / Kamienna (Uniw. Ekonomiczny),Fosa MiejskaÂ 
1680,65952757,57425,2019-03-23 11:00:11,2019-03-23 11:07:15,Plac DominikaĹ„ski (Galeria DominikaĹ„ska),Plac PowstaĹ„cółw Warszawy (Muzeum Narodowe)
1681,65952512,57517,2019-03-23 10:56:29,2019-03-23 11:07:26,Rondo Reagana,Wita Stwosza / Szewska
1682,65950557,57069,2019-03-23 10:24:27,2019-03-23 11:07:37,Ĺšwieradowska (Ferio GajÂ ),Traugutta / Kościuszki
1683,65952582,57934,2019-03-23 10:57:28,2019-03-23 11:07:47,Legnicka (Park Magnolia),Plac Strzegomski / PoznaĹ„ska
1684,65950545,57323,2019-03-23 10:24:11,2019-03-23 11:07:48,Ĺšwieradowska (Ferio GajÂ ),Traugutta / Kościuszki
1685,65953039,57414,2019-03-23 11:04:17,2019-03-23 11:08:28,Plac PowstaĹ„cółw Ĺšlą…skich,PowstaĹ„cow Ĺšlą…skich / Aleja Hallera
1686,65952275,57221,2019-03-23 10:52:40,2019-03-23 11:08:43,Oporółw (pą™tla tramwajowa),Wałbrzyska - pą™tla tramwajowa
1687,65950076,57697,2019-03-23 10:14:49,2019-03-23 11:09:15,Dworzec Głółwny ,Rynek
1688,65950056,57183,2019-03-23 10:14:29,2019-03-23 11:09:21,Dworzec Głółwny ,Poza stacją…
1689,65952928,57264,2019-03-23 11:03:00,2019-03-23 11:10:11,Szczą™śliwa (Sky Tower),Szczą™śliwa (Sky Tower)
1690,65952219,57143,2019-03-23 10:51:51,2019-03-23 11:10:33,Wrółblewskiego (Teki),Legnicka / Młodych Technikółw
1691,65953121,57178,2019-03-23 11:05:20,2019-03-23 11:10:47,Nowowiejska / Gółrnickiego,Plac Grunwaldzki (DS Ołółwek)
1692,65952786,57242,2019-03-23 11:00:50,2019-03-23 11:12:01,Plac Ĺšwią™tego Macieja / Trzebnicka,Wita Stwosza / Szewska
1693,65952826,57328,2019-03-23 11:01:23,2019-03-23 11:12:12,Plac Ĺšwią™tego Macieja / Trzebnicka,Wita Stwosza / Szewska
1694,65952900,57324,2019-03-23 11:02:29,2019-03-23 11:12:41,Dworzec Głółwny ,Wita Stwosza / Szewska
1695,65953021,57504,2019-03-23 11:04:02,2019-03-23 11:13:25,Zatorska / Krółlewska - pą™tla MPK,Krzywoustego - Rynek Psie Pole
1696,65953400,57486,2019-03-23 11:09:27,2019-03-23 11:13:55,PowstaĹ„cow Ĺšlą…skich / Aleja Hallera,Plac PowstaĹ„cółw Ĺšlą…skich
1697,65952495,57714,2019-03-23 10:56:19,2019-03-23 11:14:37,Nowowiejska / WyszyĹ„skiego,Joliot-Curie (Uwr)
1698,65952533,57162,2019-03-23 10:56:55,2019-03-23 11:15:25,Traugutta / Pułaskiego,Poza stacją…
1699,65953080,57262,2019-03-23 11:04:49,2019-03-23 11:15:51,Szczą™śliwa (Sky Tower),"Dworzec Głółwny, południe"
1700,65953042,57675,2019-03-23 11:04:20,2019-03-23 11:16:02,Szczą™śliwa (Sky Tower),"Dworzec Głółwny, południe"
1701,65953094,57308,2019-03-23 11:05:01,2019-03-23 11:16:02,Szczą™śliwa (Sky Tower),"Dworzec Głółwny, południe"
1702,65953556,57865,2019-03-23 11:11:32,2019-03-23 11:16:30,WyszyĹ„skiego / Szczytnicka,Rondo Reagana
1703,65952496,57219,2019-03-23 10:56:20,2019-03-23 11:16:51,PowstaĹ„cółw Ĺšlą…skich (Arkady Wrocławskie),Szczą™śliwa (Sky Tower)
1704,65952537,57839,2019-03-23 10:56:57,2019-03-23 11:17:26,Fosa MiejskaÂ ,Strzegomska / EstoĹ„ska
1705,65953425,57713,2019-03-23 11:09:44,2019-03-23 11:17:26,Plac PowstaĹ„cółw Warszawy (Muzeum Narodowe),Sienkiewicza / WyszyĹ„skiego
1706,65953578,57045,2019-03-23 11:11:51,2019-03-23 11:17:35,Pilczycka / Kozanowska,Poza stacją…
1707,65953678,57310,2019-03-23 11:13:11,2019-03-23 11:17:49,Ĺ»elazna / Pereca,"Grochowa / Jemiołowa,"
1708,65953354,57934,2019-03-23 11:08:45,2019-03-23 11:18:02,Poza stacją…,Plac Jana Pawła II (Akademia Muzyczna)
1709,65953563,57017,2019-03-23 11:11:39,2019-03-23 11:18:27,Pilczycka / Kozanowska,Poza stacją…
1710,65952082,57005,2019-03-23 10:49:26,2019-03-23 11:19:21,Kościuszki / Komuny Paryskiej / Zgodna,Legnicka (Park Magnolia)
1711,65952096,57004,2019-03-23 10:49:45,2019-03-23 11:19:27,Kościuszki / Komuny Paryskiej / Zgodna,Legnicka (Park Magnolia)
1712,65954023,57925,2019-03-23 11:17:48,2019-03-23 11:19:29,Poza stacją…,Krucza / Mielecka / Stalowa
1713,65950610,57010,2019-03-23 10:25:26,2019-03-23 11:19:40,Ĺ»migrodzka / Broniewskiego,Wrółblewskiego (ZOO)
1714,65953535,57752,2019-03-23 11:11:11,2019-03-23 11:19:43,Aleja Kromera,Nowowiejska / Gółrnickiego
1715,65950599,57050,2019-03-23 10:25:16,2019-03-23 11:19:52,Ĺ»migrodzka / Broniewskiego,Wrółblewskiego (ZOO)
1716,65953721,57782,2019-03-23 11:13:44,2019-03-23 11:22:04,Rondo Reagana,Na Grobli (PWr - Geocentrum)
1717,65953742,57489,2019-03-23 11:14:04,2019-03-23 11:22:20,Szczą™śliwa (Sky Tower),Krucza / Mielecka / Stalowa
1718,65953263,57011,2019-03-23 11:07:28,2019-03-23 11:22:37,Fosa MiejskaÂ ,Drobnera / Plac Bema
1719,65953756,57237,2019-03-23 11:14:13,2019-03-23 11:22:52,Szczą™śliwa (Sky Tower),Dworzec Głółwny 
1720,65953739,57264,2019-03-23 11:13:59,2019-03-23 11:22:55,Szczą™śliwa (Sky Tower),Dworzec Głółwny 
1721,65953985,57286,2019-03-23 11:17:20,2019-03-23 11:23:28,Poza stacją…,Poza stacją…
1722,65952942,57065,2019-03-23 11:03:07,2019-03-23 11:23:30,Pereca / GrabiszyĹ„ska,Plac DominikaĹ„ski (Galeria DominikaĹ„ska)
1723,65952952,57370,2019-03-23 11:03:12,2019-03-23 11:23:55,Pereca / GrabiszyĹ„ska,Poza stacją…
1724,65951266,57987,2019-03-23 10:36:06,2019-03-23 11:24:15,Jagiełły / Dmowskiego ,Poza stacją…
1725,65953971,57872,2019-03-23 11:17:13,2019-03-23 11:24:18,Rondo Reagana,Nowowiejska / Gółrnickiego
1726,65953416,57248,2019-03-23 11:09:36,2019-03-23 11:24:30,Borowska (Uniw. Szpital Kliniczny),PowstaĹ„cow Ĺšlą…skich / Aleja Hallera
1727,65952937,57963,2019-03-23 11:03:03,2019-03-23 11:25:47,Poza stacją…,Poza stacją…
1728,65953323,57291,2019-03-23 11:08:22,2019-03-23 11:26:23,Plac PowstaĹ„cółw Warszawy (Muzeum Narodowe),Jagiełły / Dmowskiego 
1729,65954255,57268,2019-03-23 11:20:40,2019-03-23 11:26:39,Krucza / Mielecka / Stalowa,Krucza / Mielecka / Stalowa
1730,65953887,57078,2019-03-23 11:15:59,2019-03-23 11:27:49,Ĺšwidnicka / Piłsudskiego (Hotel Scandic),Ĺšwidnicka / Piłsudskiego (Hotel Scandic)
1731,65953715,57433,2019-03-23 11:13:42,2019-03-23 11:27:55,"Dworzec Głółwny, południe",Na Grobli (PWr - Geocentrum)
1732,65954188,57921,2019-03-23 11:19:54,2019-03-23 11:28:07,Sienkiewicza / WyszyĹ„skiego,Aleja Kromera
1733,65952276,57703,2019-03-23 10:52:40,2019-03-23 11:28:45,Rynek,Pilczycka (Stadion Miejski)
1734,65953525,57158,2019-03-23 11:11:06,2019-03-23 11:29:09,Poza stacją…,Plac PowstaĹ„cółw Warszawy (Muzeum Narodowe)
1735,65952256,57992,2019-03-23 10:52:29,2019-03-23 11:29:10,Poza stacją…,Pilczycka (Stadion Miejski)
1736,65953916,57526,2019-03-23 11:16:16,2019-03-23 11:29:45,Wita Stwosza / Szewska,Joliot-Curie (Uwr)
1737,65954451,57306,2019-03-23 11:22:59,2019-03-23 11:30:12,PowstaĹ„cow Ĺšlą…skich / Aleja Hallera,Szczą™śliwa (Sky Tower)
1738,65953279,57282,2019-03-23 11:07:46,2019-03-23 11:30:16,Rondo Reagana,Zaporoska / GrabiszyĹ„ska
1739,65954539,57749,2019-03-23 11:24:22,2019-03-23 11:30:44,Aleja Hallera / Mielecka,PowstaĹ„cow Ĺšlą…skich / Aleja Hallera
1740,65954666,57509,2019-03-23 11:26:01,2019-03-23 11:30:54,PowstaĹ„cow Ĺšlą…skich / Aleja Hallera,Aleja Hallera / Mielecka
1741,65954691,57173,2019-03-23 11:26:20,2019-03-23 11:31:29,Zwycią™ska / OłtaszyĹ„ska,Zwycią™ska / OłtaszyĹ„ska
1742,65953959,57465,2019-03-23 11:16:58,2019-03-23 11:31:35,Sienkiewicza / WyszyĹ„skiego,Dworzec Głółwny 
1743,65952771,57575,2019-03-23 11:00:27,2019-03-23 11:32:13,Mościckiego (stacja kolejowa),Mościckiego (stacja kolejowa)
1744,65954120,57934,2019-03-23 11:18:57,2019-03-23 11:32:28,Plac Jana Pawła II (Akademia Muzyczna),Drobnera / Dubois
1745,65952172,57037,2019-03-23 10:51:03,2019-03-23 11:33:20,Fosa MiejskaÂ ,Plac Strzegomski / PoznaĹ„ska
1746,65954480,57639,2019-03-23 11:23:30,2019-03-23 11:33:41,Krzywoustego - Rynek Psie Pole,Zatorska / Krółlewska - pą™tla MPK
1747,65951543,57578,2019-03-23 10:41:05,2019-03-23 11:34:28,Pereca / GrabiszyĹ„ska,Poza stacją…
1748,65953974,57767,2019-03-23 11:17:15,2019-03-23 11:34:38,Szewska / Kazimierza WielkiegoÂ ,Jagiełły / Dmowskiego 
1749,65954826,57454,2019-03-23 11:28:11,2019-03-23 11:35:37,Krucza / Mielecka / Stalowa,GrabiszyĹ„ska / Aleja Hallera
1750,65954915,57078,2019-03-23 11:29:13,2019-03-23 11:36:08,Ĺšwidnicka / Piłsudskiego (Hotel Scandic),Ĺšlą™ĹĽna / Kamienna (Uniw. Ekonomiczny)
1751,65952025,57909,2019-03-23 10:48:31,2019-03-23 11:36:38,Plac PowstaĹ„cółw Warszawy (Muzeum Narodowe),Wrółblewskiego (ZOO)
1752,65953421,57984,2019-03-23 11:09:38,2019-03-23 11:36:50,Traugutta / Kościuszki,Na Grobli (PWr - Geocentrum)
1753,65953402,57796,2019-03-23 11:09:27,2019-03-23 11:36:58,Traugutta / Kościuszki,Na Grobli (PWr - Geocentrum)
1754,65954939,57920,2019-03-23 11:29:32,2019-03-23 11:37:12,Na Ostatnim Groszu,Na Ostatnim Groszu
1755,65955563,57823,2019-03-23 11:36:43,2019-03-23 11:37:21,Na Ostatnim Groszu,Na Ostatnim Groszu
1756,65954316,57664,2019-03-23 11:21:22,2019-03-23 11:37:47,Poniatowskiego / Oleśnicka,Plac Grunwaldzki (DS Ołółwek)
1757,65951999,57175,2019-03-23 10:48:02,2019-03-23 11:37:59,Plac PowstaĹ„cółw Warszawy (Muzeum Narodowe),Wrółblewskiego (ZOO)
1758,65951665,57080,2019-03-23 10:42:53,2019-03-23 11:38:14,Krzycka / Aleja Karkonoska (Park Południowy),Krzycka / Aleja Karkonoska (Park Południowy)
1759,65951678,57227,2019-03-23 10:43:05,2019-03-23 11:38:16,Krzycka / Aleja Karkonoska (Park Południowy),Krzycka / Aleja Karkonoska (Park Południowy)
1760,65951627,57447,2019-03-23 10:42:28,2019-03-23 11:38:22,Krzycka / Aleja Karkonoska (Park Południowy),Krzycka / Aleja Karkonoska (Park Południowy)
1761,65955063,57176,2019-03-23 11:30:46,2019-03-23 11:39:18,Nowowiejska / WyszyĹ„skiego,Sienkiewicza / Piastowska
1762,65955201,57264,2019-03-23 11:32:21,2019-03-23 11:39:18,Dworzec Głółwny ,Plac Kościuszki (Renoma)
1763,65955329,57611,2019-03-23 11:33:47,2019-03-23 11:39:27,Ĺšlą™ĹĽna / Kamienna (Uniw. Ekonomiczny),Ĺšlą™ĹĽna / Kamienna (Uniw. Ekonomiczny)
1764,65953868,57066,2019-03-23 11:15:44,2019-03-23 11:40:00,Nowowiejska / Gółrnickiego,Krzywoustego - Rynek Psie Pole
1765,65955273,57934,2019-03-23 11:33:04,2019-03-23 11:40:29,Drobnera / Dubois,Sienkiewicza / WyszyĹ„skiego
1766,65952673,57383,2019-03-23 10:58:54,2019-03-23 11:40:42,Plac PowstaĹ„cółw Ĺšlą…skich,Trymanda / MiĹ„ska
1767,65955914,57895,2019-03-23 11:40:41,2019-03-23 11:41:02,Drobnera / Dubois,Drobnera / Dubois
1768,65952472,57131,2019-03-23 10:55:56,2019-03-23 11:41:36,Plac PowstaĹ„cółw Ĺšlą…skich,Trymanda / MiĹ„ska
1769,65954384,57444,2019-03-23 11:22:08,2019-03-23 11:41:36,Wrółblewskiego (ZOO),Plac DominikaĹ„ski (Galeria DominikaĹ„ska)
1770,65954375,57641,2019-03-23 11:22:02,2019-03-23 11:41:43,Wrółblewskiego (ZOO),Plac DominikaĹ„ski (Galeria DominikaĹ„ska)
1771,65955118,57282,2019-03-23 11:31:21,2019-03-23 11:41:46,Zaporoska / GrabiszyĹ„ska,GrabiszyĹ„ska / Aleja Hallera
1772,65952045,57730,2019-03-23 10:48:51,2019-03-23 11:42:06,Wałbrzyska - pą™tla tramwajowa,Plac Uniwersytecki (UWr)
1773,65954664,57955,2019-03-23 11:26:01,2019-03-23 11:44:25,Kościuszki / Komuny Paryskiej / Zgodna,Ĺšwieradowska (Ferio GajÂ )
1774,65955206,57205,2019-03-23 11:32:24,2019-03-23 11:45:01,Krucza / Mielecka / Stalowa,Fosa MiejskaÂ 
1775,65955957,57011,2019-03-23 11:41:09,2019-03-23 11:45:08,Drobnera / Plac Bema,Drobnera / Dubois
1776,65955077,57461,2019-03-23 11:30:52,2019-03-23 11:45:09,Dworzec Głółwny ,Plac DominikaĹ„ski (Galeria DominikaĹ„ska)
1777,65953836,57497,2019-03-23 11:15:17,2019-03-23 11:45:22,Pilczycka / Kozanowska,Plac Jana Pawła II (Akademia Muzyczna)
1778,65955046,57237,2019-03-23 11:30:37,2019-03-23 11:45:22,Dworzec Głółwny ,Plac DominikaĹ„ski (Galeria DominikaĹ„ska)
1779,65953862,57333,2019-03-23 11:15:39,2019-03-23 11:45:24,Pilczycka / Kozanowska,Plac Jana Pawła II (Akademia Muzyczna)
1780,65955135,57277,2019-03-23 11:31:32,2019-03-23 11:45:26,Krucza / Mielecka / Stalowa,Fosa MiejskaÂ 
1781,65954250,57570,2019-03-23 11:20:37,2019-03-23 11:45:34,Kamienna / Borowska (Aquapark),Zwycią™ska / OłtaszyĹ„ska
1782,65955153,57375,2019-03-23 11:31:46,2019-03-23 11:48:14,Krzycka / Aleja Karkonoska (Park Południowy),PowstaĹ„cow Ĺšlą…skich / Aleja Hallera
1783,65955447,57433,2019-03-23 11:35:18,2019-03-23 11:48:17,Na Grobli (PWr - Geocentrum),Rondo Reagana
1784,65955395,57782,2019-03-23 11:34:43,2019-03-23 11:48:21,Na Grobli (PWr - Geocentrum),Rondo Reagana
1785,65955406,57680,2019-03-23 11:34:50,2019-03-23 11:48:22,Na Grobli (PWr - Geocentrum),Poza stacją…
1786,65955404,57063,2019-03-23 11:34:49,2019-03-23 11:48:26,Krzycka / Aleja Karkonoska (Park Południowy),PowstaĹ„cow Ĺšlą…skich / Aleja Hallera
1787,65955979,57487,2019-03-23 11:41:20,2019-03-23 11:48:51,Norwida / WyspiaĹ„skiego (PWr),Wrółblewskiego (ZOO)
1788,65955497,57192,2019-03-23 11:35:51,2019-03-23 11:49:28,Poza stacją…,PowstaĹ„cow Ĺšlą…skich / Aleja Hallera
1789,65956387,57359,2019-03-23 11:46:04,2019-03-23 11:49:33,Zaporoska / GrabiszyĹ„ska,Zaporoska / GrabiszyĹ„ska
1790,65956227,57170,2019-03-23 11:44:13,2019-03-23 11:50:19,Poza stacją…,Poza stacją…
1791,65953340,57428,2019-03-23 11:08:36,2019-03-23 11:50:20,Ĺ»elazna / Pereca,Na Ostatnim Groszu
1792,65953353,57591,2019-03-23 11:08:45,2019-03-23 11:50:21,Ĺ»elazna / Pereca,Na Ostatnim Groszu
1793,65956009,57559,2019-03-23 11:41:44,2019-03-23 11:50:37,Kościuszki / Pułaskiego,Wita Stwosza / Szewska
1794,65955215,57025,2019-03-23 11:32:28,2019-03-23 11:50:57,PowstaĹ„cow Ĺšlą…skich / Aleja Hallera,GrabiszyĹ„ska / Aleja Hallera
1795,65955163,57138,2019-03-23 11:31:54,2019-03-23 11:51:00,PowstaĹ„cow Ĺšlą…skich / Aleja Hallera,GrabiszyĹ„ska / Aleja Hallera
1796,65955853,57902,2019-03-23 11:39:52,2019-03-23 11:51:24,Plac Uniwersytecki (UWr),Jagiełły / Dmowskiego 
1797,65955877,57505,2019-03-23 11:40:09,2019-03-23 11:51:40,Plac Uniwersytecki (UWr),Jagiełły / Dmowskiego 
1798,65955241,57827,2019-03-23 11:32:44,2019-03-23 11:52:32,Wita Stwosza / Szewska,Legnicka (Park Magnolia)
1799,65955257,57779,2019-03-23 11:32:54,2019-03-23 11:52:38,Rynek,Legnicka (Park Magnolia)
